{
  "batchInfo": {
    "lastBatchDate": 1649881035,
    "batchId": "0x0003723b9eb1598e12d15c69206bf13c971be0310fa5744cf9601ed79f89e29c"
  },
  "dailyTransactions": {
    "now": 612,
    "before": 912
  },
  "totalTokens": 193,
  "dailyFees": {
    "now": 55225.61205047748511254485049406426,
    "before": 40361.20651840192742698089787142249
  }
}